{
  "Logistic Regression": {
    "Accuracy": 0.8340461933276304,
    "Precision": 0.7957639939485628,
    "Recall": 0.8991452991452992,
    "F1-Score": 0.8443017656500803
  },
  "SVM (RBF Kernel)": {
    "Accuracy": 0.8502994011976048,
    "Precision": 0.8115501519756839,
    "Recall": 0.9128205128205128,
    "F1-Score": 0.8592115848753017
  },
  "Random Forest": {
    "Accuracy": 0.853721129170231,
    "Precision": 0.8404605263157895,
    "Recall": 0.8735042735042735,
    "F1-Score": 0.856663872590109
  },
  "best_model": "SVM (RBF Kernel)",
  "feature_importance": {
    "instrumentalness": 0.2340420955728366,
    "danceability": 0.1306905983621274,
    "loudness": 0.10841327754100262,
    "duration_ms": 0.09653609968976198,
    "acousticness": 0.0849858106710412,
    "energy": 0.0721768701732306,
    "valence": 0.06324898844463686,
    "speechiness": 0.04722498586545791,
    "tempo": 0.03519795712776097,
    "liveness": 0.03345562366514247,
    "chorus_hit": 0.031519674961379196,
    "sections": 0.0313797795422592,
    "key": 0.01863072808384973,
    "mode": 0.0072875719723211035,
    "time_signature": 0.005209938327192037
  }
}